"Subject","Target.RT.notono_invalida_congruent","Target.RT.notono_invalida_incongruent","Target.RT.notono_nocue_congruent","Target.RT.notono_nocue_incongruent","Target.RT.notono_valida_congruent","Target.RT.notono_valida_incongruent","Target.RT.tono_invalida_congruent","Target.RT.tono_invalida_incongruent","Target.RT.tono_nocue_congruent","Target.RT.tono_nocue_incongruent","Target.RT.tono_valida_congruent","Target.RT.tono_valida_incongruent","notono_RT","tono_RT","invalid_RT","nocue_RT","valid_RT","congruent_RT","incongruent_RT"
101,648.291666666667,694.083333333333,624.708333333333,657.636363636364,657.375,617.958333333333,669.375,719.333333333333,663.636363636364,662.375,628.958333333333,539.958333333333,649.901408450704,647.042253521127,682.770833333333,651.717391304348,611.0625,648.514084507042,648.429577464789
102,543.791666666667,640.363636363636,521.409090909091,594.173913043478,492.428571428571,519.95652173913,492.25,581.391304347826,587.166666666667,638.954545454545,515.75,538.521739130435,552.414814814815,557.85,562.634408602151,585.56043956044,517.186813186813,526.237410071942,584.764705882353
103,582,631.083333333333,681.318181818182,601.227272727273,571.791666666667,632.391304347826,641.458333333333,637.708333333333,588,636.75,581.5,601.208333333333,616.057971014493,614.4375,623.494736842105,626.195652173913,596.347368421053,606.815602836879,623.645390070922
104,658.428571428571,642.5,704.652173913043,696.291666666667,619.791666666667,626.833333333333,633.833333333333,628.708333333333,639.291666666667,600.541666666667,606.416666666667,605.086956521739,657.963768115942,619.076923076923,640.252747252747,659.726315789474,614.631578947368,642.985714285714,633.397163120567
105,686.652173913043,718.318181818182,760.590909090909,650.1,667.173913043478,687.95652173913,675.217391304348,727.173913043478,688.391304347826,707.25,651.6,695.04347826087,695.481203007519,691.764705882353,701.659340659341,702.719101123595,676.247191011236,688.55223880597,698.614814814815
107,658.75,697,605.260869565217,618.833333333333,750.739130434783,715.625,695.869565217391,749.608695652174,594.652173913043,629.545454545455,648.391304347826,637.636363636364,673.992857142857,659.661764705882,699.891304347826,611.95652173913,688.945652173913,658.942446043165,675.036496350365
108,546.125,608.652173913043,518.625,567.869565217391,564.25,574.208333333333,563.041666666667,601.5,498.583333333333,582.416666666667,500.958333333333,554.291666666667,562.93661971831,550.131944444444,579.526315789474,541.6,548.427083333333,531.930555555556,581.394366197183
109,538.571428571429,598.285714285714,546.565217391304,540.75,505.75,514.263157894737,534.130434782609,563.041666666667,493.454545454545,514.791666666667,523.608695652174,549.791666666667,540.393939393939,530.335714285714,558.112359550562,524.301075268817,523.855555555556,523.551470588235,546.882352941176
110,848.05,885.1,833.636363636364,942.625,838.368421052632,893.105263157895,702.130434782609,896.222222222222,848.2,795.227272727273,766.176470588235,831.263157894737,870.543103448276,803.016806722689,826.469135802469,848.5125,834.013513513514,804.694214876033,869.947368421053
112,557.583333333333,592.952380952381,512.541666666667,579.083333333333,477.916666666667,575.045454545455,542.291666666667,614.875,448.173913043478,508.913043478261,448.791666666667,524.75,547.870503597122,515.140845070423,576.408602150538,512.893617021277,505.170212765957,498.230769230769,565.630434782609
113,713.421052631579,833.238095238095,728.15,812.578947368421,800.590909090909,957.421052631579,712.52380952381,844.444444444444,751.380952380952,799.055555555556,777,804.157894736842,807.158333333333,779.04347826087,774.886075949367,771.333333333333,834.217948717949,747.595041322314,842.017543859649
121,727.086956521739,708.619047619048,728.571428571429,738.208333333333,724.583333333333,664.181818181818,721.458333333333,704.25,756.739130434783,697.208333333333,645.666666666667,649.782608695652,715.725925925926,696.827338129496,715.445652173913,729.945652173913,672.288888888889,718.323529411765,694.130434782609
122,524.458333333333,503.958333333333,472.478260869565,497.95652173913,447.25,488.5,466.458333333333,552.166666666667,427.541666666667,443.708333333333,403.583333333333,459.291666666667,489.154929577465,458.791666666667,511.760416666667,459.893617021277,449.65625,456.853146853147,490.881118881119
123,582.652173913043,588.434782608696,567.833333333333,560.173913043478,491.791666666667,514.545454545455,533.869565217391,599.130434782609,481.5,559.375,487,591.541666666667,550.863309352518,541.725352112676,576.021739130435,542.031578947368,521.36170212766,523.62676056338,569.352517985611
124,479.875,614.826086956522,494.04347826087,527.181818181818,457.375,502.125,503.791666666667,543.833333333333,443.875,510.5,486.583333333333,565.666666666667,511.764285714286,509.041666666667,534.747368421053,493.182795698925,502.9375,477.475524475524,543.758865248227
125,451.791666666667,526.333333333333,507.173913043478,527,447,496.571428571429,479.434782608696,565.625,494.772727272727,495.458333333333,449.130434782609,527.304347826087,492.784172661871,502.41726618705,506.073684210526,506.333333333333,479.633333333333,471.239130434783,523.585714285714
126,535.958333333333,591.478260869565,525.75,547.625,482.652173913043,533.458333333333,514.708333333333,573.666666666667,492.291666666667,567.208333333333,501.541666666667,551.083333333333,536.140845070423,533.416666666667,553.557894736842,533.21875,517.547368421053,509,560.538461538462
127,824.416666666667,844.772727272727,827.458333333333,844.217391304348,780.217391304348,830.173913043478,837.782608695652,807.913043478261,789.826086956522,791.833333333333,770.625,791.227272727273,825.079136690647,798.007194244604,828.5,813.255319148936,792.836956521739,805.106382978723,818.167883211679
128,463.318181818182,521.260869565217,516.625,479.608695652174,470.826086956522,519.565217391304,481.863636363636,528.541666666667,483.208333333333,482.041666666667,434.826086956522,488,495.586956521739,483.439716312057,499.648351648352,490.484210526316,478.408602150538,475.507246376812,503.09219858156
129,477.434782608696,550.04347826087,480.791666666667,505.791666666667,471.590909090909,489.260869565217,488.25,562.136363636364,495.916666666667,505.458333333333,449.541666666667,479.681818181818,495.956834532374,496.375,520.045454545455,496.989583333333,472.197802197802,477.014598540146,515.173913043478
130,564.35,696,660.190476190476,721.545454545455,589.380952380952,618.416666666667,598.454545454545,748.041666666667,606.083333333333,622.727272727273,559.565217391304,633.25,643.545454545455,629.014388489209,656.777777777778,651.505617977528,600.945652173913,596.259541984733,673.364285714286
131,497.875,630.136363636364,554.826086956522,580.181818181818,475.181818181818,517.636363636364,467.136363636364,551.375,491.791666666667,514.375,458.375,509.125,542.066666666667,499.140845070423,536.108695652174,534.118279569892,489.804347826087,490.971223021583,549.36231884058
132,617.095238095238,662.608695652174,680.869565217391,782.625,654.391304347826,683.652173913043,887.416666666667,742.565217391304,702.166666666667,703,746.818181818182,669.818181818182,681.875912408759,743.217391304348,731.604395604396,717.702127659574,688.233333333333,717.153284671533,708.195652173913
133,671.75,698.590909090909,652.434782608696,735.260869565217,675.25,642.227272727273,653.913043478261,762.958333333333,620.916666666667,702.291666666667,584.869565217391,571.090909090909,679.522388059701,650.885714285714,698.370786516854,677.382978723404,619.241758241758,642.63503649635,687.14598540146
134,582.695652173913,530.541666666667,502.136363636364,540.652173913043,502.75,508.875,540,591.375,458.875,536.583333333333,514.652173913043,524.166666666667,527.828571428571,527.612676056338,561.148936170213,509.387096774194,512.58947368421,516.438848920863,538.685314685315
135,740.9,781.142857142857,795,869.909090909091,789.25,825.583333333333,712.086956521739,910.652173913043,766.208333333333,830.5,740.833333333333,794.913043478261,801.5,792.248226950355,787.873563218391,814.451612903226,787.568421052632,757.913043478261,835.883211678832
136,589.545454545455,578.555555555556,602.454545454545,565.347826086957,578.952380952381,559.130434782609,588.681818181818,610.473684210526,500.95652173913,566.842105263158,477.363636363636,556.090909090909,578.751937984496,547.858267716535,591.777777777778,558.034482758621,542.659090909091,555.734848484848,571.612903225806
138,596.8,669.052631578947,559.904761904762,632.05,510.863636363636,642.157894736842,612.409090909091,651.478260869565,455.083333333333,643.652173913043,499.227272727273,625.545454545455,599.066115702479,580.352941176471,632.202380952381,569.602272727273,566.882352941176,536.725190839695,643.68253968254
139,698.782608695652,734.636363636364,693.333333333333,672,626.041666666667,619,631.95652173913,705.181818181818,595.227272727273,626.916666666667,613.478260869565,655,672.89552238806,637.573529411765,692.033333333333,645.602272727273,628.065217391304,642.625,667.768656716418
141,666.347826086957,633.333333333333,652.318181818182,638.333333333333,622.173913043478,665.833333333333,617.75,660.916666666667,565.041666666667,613.086956521739,574.95652173913,627.521739130435,646.335714285714,609.978723404255,644.357894736842,616.483870967742,623.086021505376,615.812949640288,640.112676056338
142,474.083333333333,557,467.583333333333,510.590909090909,444.217391304348,505.916666666667,506.086956521739,569.5,446.75,528.5,446.333333333333,492.875,493.333333333333,498.286713286713,526.884210526316,487.882978723404,472.631578947368,464.021126760563,527.633802816901
143,569.727272727273,647.333333333333,566.458333333333,631.380952380952,545.625,630.958333333333,581.25,686.125,536.208333333333,632.260869565217,519.041666666667,607.458333333333,598.287769784173,593.454545454545,622.202127659574,589.836956521739,575.770833333333,552.816901408451,639.471428571429
144,690.916666666667,663.833333333333,688.375,686.217391304348,699.416666666667,641.95652173913,696.166666666667,673.083333333333,656.304347826087,655.666666666667,603.75,627.041666666667,678.654929577465,651.972027972028,681,671.648936170213,643.052631578947,672.601398601399,657.880281690141
145,542.826086956522,608.347826086957,625.739130434783,568.695652173913,514.130434782609,564.217391304348,500.863636363636,551.04347826087,483.416666666667,536.333333333333,474.833333333333,562.125,570.659420289855,518.113475177305,551.318681318681,552.617021276596,528.606382978723,523.158273381295,564.9
146,523.565217391304,552.380952380952,535.333333333333,566.181818181818,457.409090909091,527.238095238095,491.333333333333,588.095238095238,493.809523809524,573.521739130435,478.217391304348,468.833333333333,526.924812030075,514.887218045113,538.488372093023,542.944444444444,482.066666666667,497.313432835821,544.856060606061
147,483.5,544.047619047619,508.590909090909,580.045454545455,612.681818181818,609.190476190476,553.608695652174,592.666666666667,476.772727272727,551.636363636364,503.826086956522,575.347826086957,554.931818181818,541.977611940299,541.662921348315,529.261363636364,574.078651685393,522.661764705882,575.338461538462
148,502.25,595.291666666667,548.291666666667,569.521739130435,492.391304347826,567.304347826087,537.304347826087,597.291666666667,558.260869565217,564.5,500.217391304348,539.708333333333,545.900709219858,549.921985815603,558.252631578947,560.063829787234,525.064516129032,523.15,572.323943661972
149,514.130434782609,543.727272727273,468.083333333333,492.652173913043,449.333333333333,488.347826086957,436.25,473.695652173913,417.791666666667,467.541666666667,404.625,447.458333333333,491.856115107914,441,490.782608695652,461.189473684211,447.010526315789,447.909090909091,484.748201438849
150,569.695652173913,650.823529411765,617.954545454545,587.368421052632,650.869565217391,633.263157894737,584.863636363636,672.666666666667,545.130434782609,640.416666666667,506.047619047619,553.913043478261,617.268292682927,584.089552238806,616.385542168675,598.443181818182,585.686046511628,579.850746268657,621.886178861789
151,514.541666666667,549.590909090909,537.541666666667,579.869565217391,528.380952380952,540.375,488.75,555.125,489.521739130435,561.5,490.208333333333,507.333333333333,541.615942028986,515.587412587413,526.521276595745,542.265957446809,516.193548387097,507.857142857143,548.737588652482
152,668.238095238095,639.347826086957,636,629.363636363636,606.086956521739,647.6,554.826086956522,599.875,551.173913043478,547,567.833333333333,595.04347826087,637.160305343511,569.661870503597,614.241758241758,590.438202247191,602.288888888889,595.816176470588,609.10447761194
153,612.863636363636,619.333333333333,592.708333333333,688.045454545455,560.857142857143,606.958333333333,557.260869565217,676.458333333333,550.173913043478,594.130434782609,524.083333333333,580.333333333333,613.402985074627,580.687943262411,617.122222222222,605.228260869565,568.290322580645,565.948905109489,627.086956521739
154,483.625,507.04347826087,472.5,515.5,447.5,518,475.666666666667,511.04347826087,413.695652173913,473.739130434783,467.434782608696,506.478260869565,489.791366906475,474.68345323741,494.031914893617,469.393617021277,483.333333333333,460.345070422535,505.095588235294
155,602.666666666667,666.454545454545,611.478260869565,659.083333333333,560.454545454545,614.772727272727,623.565217391304,693.045454545455,570.916666666667,622.333333333333,535.782608695652,602.916666666667,619.813432835821,607.285714285714,646.670454545455,616,578.549450549451,583.948529411765,642.449275362319
156,685.52380952381,763,712.045454545455,746.695652173913,812.130434782609,726.318181818182,671.173913043478,738.347826086957,685.166666666667,696.291666666667,648.583333333333,679.478260869565,741.947368421053,686.297872340426,714.61797752809,709.612903225806,715.782608695652,702.094890510949,724.525547445255
157,552.125,584.739130434783,532.125,573.708333333333,541.047619047619,538.636363636364,534.833333333333,559.583333333333,504.391304347826,506.916666666667,526.9,547.291666666667,554,530.258992805755,557.536842105263,529.547368421053,538.908045977012,532.051470588235,551.765957446809
158,537.333333333333,544,534.260869565217,587.130434782609,506,566.47619047619,512.304347826087,553.772727272727,458.136363636364,539,466.041666666667,526.95652173913,546.12030075188,509.102189781022,536.511111111111,530.417582417582,514.910112359551,502.605839416058,552.812030075188
159,615.380952380952,674.727272727273,573.130434782609,636.238095238095,548.125,630.791666666667,555.238095238095,718,596.125,655.285714285714,539.458333333333,597.391304347826,611.881481481482,609.772058823529,643,613.606741573034,578.747368421053,570.613138686131,651.932835820896
160,590.75,669.647058823529,675.142857142857,664.6,605.869565217391,635.818181818182,687.260869565217,702.25,656.434782608696,665.833333333333,611.291666666667,648.916666666667,640.579831932773,661.859154929577,668.7125,665.318181818182,625.462365591398,639.546153846154,664.671755725191
161,682.478260869565,701.416666666667,675.954545454545,700.478260869565,658.304347826087,713,693.565217391304,763.625,735.833333333333,672.5,647.833333333333,695.916666666667,688.789855072464,701.601398601399,710.744680851064,696.58064516129,678.617021276596,682.510791366906,707.838028169014
162,536.565217391304,540.045454545455,601.04347826087,560.291666666667,523.952380952381,553.625,550.428571428571,560.5,551.454545454545,534.954545454545,488.875,540.090909090909,553.160583941606,537.237037037037,547.033333333333,562.32967032967,526.428571428571,541.731343283582,548.68115942029
163,780.45,717.590909090909,667.909090909091,682.736842105263,664.352941176471,719.764705882353,675.736842105263,704.045454545455,680.75,664.952380952381,713.894736842105,649.45,705.91452991453,681.487603305785,719.566265060241,673.719512195122,686.068493150685,697.564102564103,689.561983471074
164,669.85,714.478260869565,726.086956521739,727.5,693.619047619048,654.913043478261,680.571428571429,667.217391304348,674.409090909091,688.739130434783,631.45,592.25,698.212121212121,655.330827067669,683.540229885057,704.255555555556,641.727272727273,680.48031496063,673.202898550725
166,665.454545454545,696.95652173913,591.7,802.083333333333,572.727272727273,636.75,623.208333333333,715.666666666667,569.791666666667,634.791666666667,537.916666666667,550.791666666667,663.97037037037,605.361111111111,675.301075268817,652.108695652174,574.585106382979,592.764705882353,672.671328671329
167,681.238095238095,694.944444444444,651.684210526316,762.181818181818,678,620.5,601.913043478261,656.857142857143,607.291666666667,613.565217391304,537.708333333333,617.272727272727,682.752066115703,604.452554744526,656.060240963855,657.238636363636,610.724137931035,623.106060606061,660.103174603175
168,577.541666666667,675.391304347826,546.826086956522,652.863636363636,510.291666666667,588.478260869565,516.708333333333,678.416666666667,556.625,701.478260869565,532.608695652174,579.913043478261,590.769784172662,594.070921985816,611.347368421053,613.402173913043,552.365591397849,540.105633802817,646.275362318841
169,491.416666666667,538.958333333333,543.416666666667,588.454545454545,506.909090909091,540.666666666667,482.125,562.761904761905,496.833333333333,534.791666666667,533.913043478261,556.416666666667,534.607142857143,527.014285714286,517.397849462366,539.86170212766,535.075268817204,508.957446808511,552.978417266187
170,447.833333333333,547.409090909091,452.409090909091,532.363636363636,454.166666666667,520.875,459,572.1,433.833333333333,525.181818181818,445.083333333333,490.708333333333,491.717391304348,484.846715328467,503.258426966292,484.788888888889,477.708333333333,448.595744680851,530.067164179104
171,605.5,618.086956521739,608.086956521739,639.5,592.666666666667,602.75,543.695652173913,643.869565217391,532.375,563.958333333333,557.291666666667,564.5,611.070422535211,567.246478873239,602.817204301075,585.747368421053,579.302083333333,573.232394366197,605.084507042254
172,673.136363636364,759.947368421053,722.409090909091,748.652173913043,665.416666666667,744.478260869565,789.318181818182,827.458333333333,691.541666666667,682.541666666667,688.833333333333,708.652173913043,717.691729323308,730.730496453901,764.045977011494,710.645161290323,701.31914893617,704.101449275362,745
173,549.173913043478,523,512.090909090909,565.181818181818,486.181818181818,545.739130434783,491.090909090909,526.5,483.086956521739,480.565217391304,449.166666666667,514.454545454545,530.375,490.594202898551,522.827956989247,509.6,498.307692307692,494.764705882353,525.688405797101
174,591.083333333333,601.130434782609,610.125,562.608695652174,538.833333333333,547.347826086957,536.782608695652,532.913043478261,524.958333333333,540.772727272727,469.652173913043,511.727272727273,575.290780141844,519.408759124088,565.752688172043,559.989247311828,517.184782608696,545.830985915493,549.757352941176
175,507.95,623.45,544.428571428571,534.857142857143,489.947368421053,632.647058823529,562.565217391304,659.222222222222,568.181818181818,582.25,506.238095238095,560.333333333333,553.872881355932,571.040983606557,585.592592592593,557.261904761905,543.746666666667,531.515873015873,596.956140350877
176,531.541666666667,557.5,481.130434782609,516.625,503.375,561.727272727273,586.583333333333,581.5,490.666666666667,501.434782608696,447.260869565217,530.166666666667,525.113475177305,523.619718309859,564.28125,497.595744680851,510.215053763441,507.359154929577,541.489361702128
177,522.954545454545,591.764705882353,474.521739130435,558.428571428571,439.25,506,465.434782608696,542.125,436.791666666667,496.333333333333,416.458333333333,472.478260869565,508.042735042735,466.770992366412,524.923076923077,483.390243902439,454.613636363636,458.171428571429,522.62962962963
178,493.826086956522,558.15,575.434782608696,522.5,478.086956521739,547.842105263158,514.391304347826,577.227272727273,467.791666666667,487.083333333333,456.478260869565,499.772727272727,528.123076923077,499.572463768116,534.670454545455,512.333333333333,493.091954022988,497.453237410072,530.627906976744
179,697.05,647.35,696.47619047619,724.631578947368,662.611111111111,649.913043478261,545.238095238095,619.904761904762,577.545454545455,655.190476190476,535.347826086957,641.157894736842,678.98347107438,593.92125984252,626.292682926829,660.951807228916,618.915662650602,615.704,655.463414634146
180,651.363636363636,639.478260869565,615.833333333333,599.166666666667,585.565217391304,585.782608695652,627.652173913043,684.173913043478,579.791666666667,603.04347826087,559.782608695652,613.739130434783,612.510791366906,611.136690647482,650.659340659341,599.421052631579,586.217391304348,602.906474820144,620.741007194245
181,486.681818181818,515.04347826087,529.391304347826,513.217391304348,463.090909090909,475.565217391304,432.666666666667,546.7,496.375,485.952380952381,426.166666666667,447.521739130435,497.492647058824,471.12030075188,495.03488372093,506.571428571429,452.684782608696,472.779411764706,496.390977443609
182,580.958333333333,709,578.608695652174,607.958333333333,487.916666666667,630.954545454545,537.695652173913,599.458333333333,599.260869565217,617.739130434783,526.166666666667,585.375,598.142857142857,577.460992907801,606.425531914894,600.967741935484,556.042553191489,551.340425531915,624.45
184,787.684210526316,724.739130434783,748.727272727273,722.791666666667,701.318181818182,750.086956521739,678.25,817.913043478261,700.04347826087,711.363636363636,624.25,641.5,737.857142857143,694.421428571429,749.719101123595,720.549450549451,678.05376344086,703.194029850746,727.525179856115
185,679.714285714286,621.958333333333,739.5,675.086956521739,630.541666666667,633.727272727273,702.791666666667,671.130434782609,663.652173913043,623.666666666667,645.428571428571,716.217391304348,663.413043478261,670.739130434783,668.521739130435,675.606382978723,656.688888888889,677.664233576642,656.640287769784
186,541,628.173913043478,650.318181818182,580.913043478261,538.136363636364,521.227272727273,584.590909090909,668.714285714286,560.791666666667,665.695652173913,504.458333333333,544.041666666667,577.315789473684,585.782608695652,605.896551724138,613.45652173913,526.847826086957,562.474074074074,600.639705882353
187,481.47619047619,483.142857142857,486.875,474.272727272727,449.416666666667,472.541666666667,450.047619047619,505.888888888889,409.913043478261,463.05,418.263157894737,455.190476190476,474.286764705882,448.786885245902,479.185185185185,458.516853932584,450.375,450.060606060606,474.97619047619
188,677.052631578947,753.727272727273,669.714285714286,744.652173913043,707.45,733.1,668.772727272727,706.913043478261,703.608695652174,687.090909090909,631.521739130435,658.952380952381,715.584,676.373134328358,702.53488372093,702.134831460674,680.642857142857,675.765625,714.381679389313
189,598.428571428571,773.045454545455,714,658.5,594.6,589.666666666667,618.1,700.52380952381,579.944444444444,683.826086956522,592.45,639.652173913043,656.59375,638.408,674.369047619048,663.082352941177,605.190476190476,618.322314049587,674.454545454545
190,618.208333333333,624.291666666667,615.208333333333,674.541666666667,591.791666666667,616.695652173913,584.695652173913,631.545454545455,579.833333333333,645.791666666667,603.227272727273,642.458333333333,623.503496503497,614.726618705036,614.645161290323,628.84375,613.731182795699,598.86524822695,639.489361702128
191,484.583333333333,522.260869565217,493.5,514.291666666667,460.583333333333,509.954545454545,446.75,597.217391304348,458.083333333333,504.75,451.333333333333,485.083333333333,497.177304964539,489.79020979021,511.702127659574,492.65625,476.031914893617,465.805555555556,521.9
192,739.85,811.142857142857,824.368421052632,854.04347826087,795.8,844.1,829.35,801.636363636364,834.684210526316,856,804.857142857143,743.157894736842,812.479674796748,811.768595041322,795.831325301205,843.024691358025,797.75,804.403361344538,819.48
193,731.363636363636,875.45,866.478260869565,869.5,784.04347826087,885.625,787.217391304348,840.619047619048,809.083333333333,829.454545454545,757.739130434783,800.809523809524,831.620967741935,803.507462686567,806.488372093023,842.52808988764,800.578313253012,789.884057971014,848.225
194,636.6,692.764705882353,707.478260869565,720.608695652174,671.45,708.789473684211,601.583333333333,654.136363636364,567.619047619048,628.8,601.761904761905,612.130434782609,690.581967213115,611,642.626506024096,659.103448275862,645.927710843373,631.22480620155,668.258064516129
195,518.619047619048,567.238095238095,547.136363636364,563.590909090909,537.777777777778,584.863636363636,559.714285714286,594.583333333333,468.958333333333,567.260869565217,515.217391304348,569.761904761905,553.857142857143,545.154411764706,561.229885057471,535.582417582418,551.928571428571,523,574.887218045113
196,735.478260869565,760.260869565217,775.590909090909,738.217391304348,770.916666666667,794.571428571429,777.260869565217,768.681818181818,774.952380952381,719.5,716.782608695652,738.818181818182,762,749.105263157895,760.32967032967,751.647727272727,754.755555555556,758.220588235294,752.96992481203
197,499.291666666667,547.217391304348,532.375,569.458333333333,481.333333333333,518.652173913043,479.083333333333,545.173913043478,473.04347826087,512.5,451.818181818182,529.375,524.605633802817,499.014285714286,517.085106382979,522.357894736842,495.978494623656,486.737588652482,537.063829787234
198,558.636363636364,644.1875,540.611111111111,664.3,554,659.526315789474,545.875,620.65,497.434782608696,614.363636363636,479.291666666667,553.045454545455,600.737288135593,549.192592592593,586.719512195122,578,556.170454545455,528.417910447761,623.697478991597
199,592.090909090909,542.583333333333,529.590909090909,544.478260869565,502.454545454545,511.652173913043,512.181818181818,535.375,510.958333333333,552.916666666667,494.95652173913,568.047619047619,537.088235294118,528.717391304348,545.271739130435,534.483870967742,518.370786516854,523.303703703704,542.165467625899
200,523.869565217391,640.590909090909,574.380952380952,676.285714285714,531.391304347826,550.909090909091,508.652173913043,641.695652173913,540.772727272727,590.173913043478,480.272727272727,586.409090909091,581.424242424242,558.488888888889,578.021978021978,594.655172413793,537.179775280899,526.082089552239,613.902255639098
201,546.708333333333,673.5,557,680.571428571429,501.47619047619,722.647058823529,584.869565217391,694.571428571429,536,680.25,563.55,644,608.032258064516,616.917910447761,620.784090909091,613.1,603.1875,548.390977443609,681.016
202,513.416666666667,559.181818181818,558.458333333333,565.181818181818,486.086956521739,512.95652173913,524.666666666667,568.25,481.458333333333,552.041666666667,472.458333333333,542.625,532.166666666667,523.583333333333,541,538.734042553191,503.617021276596,506.230769230769,549.956834532374
203,513.416666666667,555.083333333333,501.454545454545,541.782608695652,492.954545454545,548,481.083333333333,541.434782608696,461.458333333333,505,431.772727272727,498.333333333333,526.143884892086,486.900709219858,522.557894736842,502.021505376344,494.086956521739,480.572463768116,531.464788732394
204,631.52380952381,691.5,675.541666666667,691.380952380952,651.190476190476,642.478260869565,632.090909090909,719.5,631.5,644.130434782609,569.130434782609,683.454545454545,664.083333333333,645.823529411765,669.080459770115,659.815217391304,635.707865168539,631.866666666667,678.112781954887
205,562.565217391304,685,673.565217391304,648.583333333333,622.541666666667,596.428571428571,596.875,660.666666666667,526.434782608696,556.5,585.545454545455,646,631.627737226277,595.607142857143,625.698924731183,601.297872340426,613.4,594.870503597122,632.108695652174
206,886.823529411765,894.722222222222,834.047619047619,920.461538461538,827.411764705882,794.25,766.75,786.785714285714,848.818181818182,740.210526315789,845.875,924.230769230769,857.21568627451,813.817307692308,833.782608695652,829.586666666667,843.91935483871,833.628318584071,837.344086021505
207,820.954545454545,744.421052631579,746.157894736842,738.210526315789,672.75,724.263157894737,850.25,749.95,721.176470588235,736.526315789474,678.444444444444,604.142857142857,742.576271186441,723.104347826087,792.703703703704,735.905405405405,668.141025641026,751.465517241379,714.623931623932
208,483.333333333333,591.416666666667,514.333333333333,533,467.208333333333,528.695652173913,483.625,539.958333333333,457.521739130435,520.416666666667,464.416666666667,501.583333333333,519.507042253521,494.846153846154,524.583333333333,506.553191489362,490.073684210526,478.552447552448,535.915492957746
209,601.833333333333,589.958333333333,614.782608695652,654.458333333333,585.916666666667,552.521739130435,596.666666666667,602.833333333333,534.708333333333,562.875,602.083333333333,536.434782608696,600.140845070423,572.853146853147,597.822916666667,591.463157894737,569.765957446809,589.153846153846,583.725352112676
210,599.478260869565,606.291666666667,571.869565217391,651.833333333333,557.565217391304,600.791666666667,578.142857142857,620.652173913043,570.809523809524,605.173913043478,554.666666666667,602.409090909091,598.432624113475,588.708955223881,601.703296703297,601.131868131868,578.58064516129,571.888888888889,614.721428571429
211,490.454545454545,535.590909090909,551.375,537.761904761905,516.590909090909,513.625,550.458333333333,541.434782608696,497,533.681818181818,465.227272727273,510.454545454545,524.377777777778,516.773722627737,530.076923076923,529.615384615385,501.744444444444,512.768115942029,528.559701492537
212,596.409090909091,618.055555555556,649.526315789474,658.863636363636,555.909090909091,567.95652173913,533.565217391304,637,541,574.25,509.625,607.375,606.150793650794,565.103703703704,593.469879518072,603.588235294118,560.225806451613,561.037313432836,610.11811023622
213,598.416666666667,643.541666666667,602.541666666667,661.708333333333,627.75,634.478260869565,644.5,691.375,562.304347826087,655.375,559.291666666667,621.954545454545,628.027972027972,622.589928057554,644.457446808511,621.094736842105,610.376344086022,598.751773049645,651.943262411348
214,499.909090909091,581.95652173913,502.260869565217,535.590909090909,452.863636363636,477.434782608696,485.041666666667,514.04347826087,443.625,497.695652173913,441.416666666667,521.625,508.607407407407,483.598591549296,520.076086956522,493.79347826087,473.731182795699,470.467625899281,521.289855072464
215,518.739130434783,542.772727272727,503.04347826087,518.458333333333,456.583333333333,495.5,522.416666666667,578.875,454,518.583333333333,419.333333333333,496.666666666667,505.391304347826,498.3125,540.89247311828,498.473684210526,466.414893617021,478.570422535211,525.314285714286
216,626.545454545455,689.181818181818,679.130434782609,641.636363636364,653.291666666667,621.375,632.652173913043,740.090909090909,572.086956521739,708.375,586.391304347826,642.333333333333,651.63503649635,646.726618705036,671.674157303371,651.032608695652,626.263157894737,625.210144927536,673.115942028986
217,599.875,664.041666666667,614.25,611.608695652174,598.347826086957,616.173913043478,663.565217391304,638.727272727273,592.708333333333,676.4,587.652173913043,582.380952380952,617.567375886525,622.654135338346,641.376344086022,621.56043956044,596.444444444444,609.248226950355,631.473684210526
218,511.869565217391,567.809523809524,543.130434782609,543.681818181818,468.636363636364,552,533.909090909091,562,543.4,609.428571428571,503.142857142857,588.782608695652,530.534351145038,557.165354330709,542.825581395349,559.523255813953,528.581395348837,517.213740458015,570.905511811024
220,516.863636363636,602.7,564,631.666666666667,518.5,559.636363636364,591.869565217391,605.086956521739,525.818181818182,563.708333333333,488.875,541.958333333333,565.970149253731,552.621428571429,579.034090909091,572.265957446809,526.728260869565,534.510948905109,583.788321167883
221,583.416666666667,609,560.5,637.761904761905,578.869565217391,587.521739130435,521.666666666667,602.478260869565,506.25,530.217391304348,449.833333333333,506.478260869565,592.352941176471,518.914893617021,578.574468085106,556.322222222222,529.806451612903,532.716312056738,578.044117647059
222,521.05,633.933333333333,573.818181818182,543.941176470588,565.611111111111,590.157894736842,544.130434782609,618.666666666667,513.826086956522,572.136363636364,491.25,604.272727272727,569.324324324324,554.090909090909,573.434210526316,550.904761904762,559.975903614458,533.453846153846,592.796460176991
223,1003.13636363636,1061.66666666667,1011.73913043478,1009.38095238095,971,1034,968.375,1041.5652173913,949.166666666667,1061.82608695652,919.375,1017.14285714286,1012.734375,991.539568345324,1015.81609195402,1007.35164835165,982.123595505618,969.709219858156,1037.5
224,606.478260869565,663,635.681818181818,619.789473684211,507.545454545455,547.736842105263,534.826086956522,663.181818181818,518.958333333333,580.65,520.583333333333,541.083333333333,595.260162601626,557.948905109489,613.651162790698,586.223529411765,528.685393258427,553.260869565217,600.868852459016
225,546,597.181818181818,516.958333333333,598.541666666667,602.739130434783,542.304347826087,549.416666666667,621.375,509.916666666667,566.04347826087,539.875,549.869565217391,566.785714285714,556.056338028169,578.095744680851,547.673684210526,558.494623655914,543.741258741259,579.532374100719
226,553.434782608696,527.608695652174,589.217391304348,596.181818181818,505.434782608696,559.090909090909,508.833333333333,539.260869565217,528.708333333333,559.583333333333,482.095238095238,491.952380952381,554.830882352941,519.627737226277,532.032258064516,567.602150537634,510.114942528736,528.485507246377,546.037037037037
227,507.869565217391,580.111111111111,546.5,543.818181818182,503.695652173913,495.434782608696,512.636363636364,620.190476190476,479.913043478261,521.208333333333,496.166666666667,515.695652173913,527.404580152672,522.759124087591,552.678571428571,522.351648351648,502.677419354839,507.394160583942,543.473282442748
