"Subject","Validity_GeneralTask","Validity_IDtrials","Overall_RT","Alerting_RT","Orienting_RT","Congruency_RT","Overall_ACC","Alerting_ACC","Orienting_ACC","Congruency_ACC","Hits_Percentage","FA_Percentage","Ap","Bp","Hits_Slope","FA_Slope","Ap_Slope","Bp_Slope","AV_Mean","AV_SD","AV_Lapses","AV_Mean_Slope","AV_SD_Slope","AV_Lapses_Slope","ID_zRT","Exploratory_ID_zRTsame","Exploratory_ID_zRTopposite","ID_PercentageErrors","Exploratory_PercentageErrorssame","Exploratory_PercentageErrorsopposite"
101,"Yes","Yes",648.471830985916,2.85915492957747,71.7083333333334,-0.0845070422535628,1.38888888888888,0,0,0,50,1.68067226890756,0.86445988651871,0.876001854673114,-1.78571428571429,0.609857978279031,-0.0107577119541774,-0.0460534807128843,514.552083333333,72.748864312592,13.5416666666667,6.58035714285711,9.1680406346308,0.0196428571428571,0.139446364765063,0.122804665504759,0.157600945776304,4.16666666666666,0,8.33333333333334
102,"Yes","Yes",555.181818181818,-5.43518518518522,45.4475954153373,58.5272958104105,4.16666666666666,4.16666666666666,-1.04166666666666,1.3888888888889,18.75,0.925925925925926,0.782630956501673,0.886408121288525,-7.85714285714286,-0.204081632653061,-0.0604895996860283,0.0134796873101381,564.479166666667,171.466920496524,28.125,8.39642857142851,-3.14155624514808,0.0160714285714285,0.0245888362148095,0.0238113236072265,0.0251719706704966,12.5,25,0
103,"Yes","Yes",615.230496453901,1.62047101449275,27.1473684210526,16.8297872340426,2.08333333333334,4.16666666666666,0,0,41.6666666666667,0.970873786407767,0.846911685386129,0.923896964531364,-1.78571428571429,0.714285714285714,-0.00960324919441465,-0.0462251957728276,492.645833333333,109.288414098386,6.25,7.67857142857137,3.91196173547705,0.0142857142857143,0.235588037885003,0.185770750988142,0.285405324781863,0,0,0
104,"Yes","Yes",638.174377224199,38.8868450390189,25.6211683053788,-9.5885511651469,2.43055555555556,3.47222222222222,4.16666666666667,-0.694444444444442,83.3333333333333,4.3859649122807,0.943264123611782,0.536170212765957,0.357142857142854,-0.0177462289263533,0.00186435652856451,-0.0180590137192866,543.739583333333,96.6353149778961,10.4166666666667,19.6696428571428,15.8031057193775,0.05,0.0168135693652323,-0.00936967632027257,0.0408148779102782,-8.33333333333334,-8.33333333333334,-8.33333333333334
105,"Yes","Yes",693.602230483271,3.71649712516592,25.4121496481047,10.0625760088446,6.59722222222222,2.08333333333333,-2.08333333333333,-0.694444444444442,88.5416666666667,8.47457627118644,0.94477355933742,0.133450750515188,0.892857142857137,-2.82407407407407,0.0115559169311748,0.134645531007058,560.791666666667,111.279346612281,31.25,19.2071428571429,10.4446202137001,0.075,-0.00518050743265901,0.0535775492716367,-0.069280205655527,-4.16666666666667,-8.33333333333334,0
106,"No","Yes",571.940397350993,35.0445770445771,12.8740573152338,121.158441558441,47.2222222222222,1.38888888888889,-1.04166666666666,90.2777777777778,61.4583333333333,0,0.903645833333333,1,-1.96428571428572,0,-0.00491071428571435,-7.76994260291725e-17,529.614583333333,114.222070850157,13.5416666666667,17.9017857142857,23.0055656004504,0.0553571428571429,-0.0730763291309762,-0.0444164267389273,-0.10460222176223,-8.33333333333333,-8.33333333333333,-8.33333333333333
107,"Yes","No",666.93115942029,14.3310924369748,10.9456521739131,16.0940503071995,3.81944444444444,-2.08333333333334,-1.04166666666666,0.694444444444442,83.3333333333333,3.57142857142857,0.946075837742504,0.60261651676206,-1.07142857142859,0.301511354142933,-0.00428444131506942,0.00239991298737115,522.5,69.2192550029101,13.5416666666667,8.18214285714284,12.9394809444586,0.0410714285714286,-0.0249893208030757,NA,-0.0249893208030757,83.3333333333333,91.6666666666667,75
108,"Yes","Yes",556.489510489511,12.8046752738654,31.0992324561403,49.4638106416276,0.694444444444442,1.38888888888888,1.04166666666666,1.38888888888888,77.0833333333333,1.69491525423729,0.936223523530837,0.827615987884409,1.42857142857143,1.42857142857143,-0.00100623582766441,-0.12897447380206,468.697916666667,60.2922915194527,2.08333333333333,-1.10535714285716,-4.39267408476715,0.00357142857142857,0.0133982356207949,-0.00691003001326167,0.035552707221584,4.16666666666666,0,8.33333333333334
109,"Yes","Yes",535.216911764706,10.0582251082251,34.2568039950062,23.3308823529412,5.55555555555556,5.55555555555556,1.04166666666666,0,73.9583333333333,8.33333333333333,0.900808258642766,0.432029043969342,-1.60714285714287,0.94767731654065,-0.00797606957225905,-0.0606874820031376,415.71875,98.2783054847171,2.08333333333333,18.6446428571428,8.94164409465915,0.0107142857142857,0.0328809505524045,0.029106827432609,0.0379131147121317,12.5,0,25
110,"Yes","Yes",836.348936170213,67.5262967255867,-7.54437771104438,65.2531535450196,13.8888888888889,5.55555555555555,0,6.94444444444445,84.375,11.2,0.922825513013013,0.139995962894297,-1.25,2.31281435651183,-0.00965856983819181,0.00518298384088982,581.5625,193.814985705983,35.4166666666667,23.5464285714285,-17.2240955982507,0.0321428571428571,0.0348379738464945,0.0443202120915221,0.0263039594259696,-12.5,-16.6666666666667,-8.33333333333334
112,"Yes","Yes",531.330960854092,32.7296585266997,71.2383893845802,67.3996655518395,2.43055555555556,2.08333333333334,1.04166666666666,3.47222222222222,73.9583333333333,3.33333333333333,0.921383256435163,0.713353539643622,-1.25,-1.58730158730159,0.0031789998196248,0.0978297421477492,434.104166666667,70.9734537721737,0,-1.29642857142861,-1.48214200682011,0,0.0129476358272555,0.0496667486137287,-0.0271095781216245,0,-4.16666666666666,4.16666666666667
113,"Yes","Yes",793.4,28.1148550724637,-59.3318727685817,94.422502537335,16.3194444444444,-3.47222222222222,-3.125,3.47222222222222,100,30.4761904761905,0.923809523809524,-1,0,4.74052013149757,-0.0118513003287441,7.76994260291725e-17,509.208333333333,86.0294829103637,6.25,-12.8107142857143,4.14174508218111,-3.31742580443438e-18,0.0986417657045839,0.0497453310696094,0.147538200339559,0,4.16666666666666,-4.16666666666666
120,"No","Yes",689.470198675497,50.6601685985247,-49.8813559322034,71.9811320754717,44.4444444444444,-4.16666666666666,12.5,43.0555555555556,26.0416666666667,14.4067796610169,0.645678001062818,0.219325443180947,2.32142857142857,3.01162455829013,-0.0128422373907611,-0.0305562095861266,585.78125,158.512108328803,34.375,11.7875,9.86868429735848,0.0375,0.113490364025696,0.0440161789198192,0.182964549131573,-8.33333333333334,-8.33333333333334,-8.33333333333334
121,"Yes","Yes",706.138686131387,18.8985877964295,43.1567632850241,-24.193094629156,4.16666666666666,2.77777777777778,-1.04166666666667,0,89.5833333333333,6.03448275862069,0.955445515720911,0.244052881621813,-2.14285714285715,0.680092854005897,-0.00887327356916566,0.0701868310780526,503.479166666667,62.663676907031,7.29166666666667,8.98928571428569,-2.31196958777646,0.00535714285714285,0.0749036608863199,0.176902697495183,-0.0270953757225434,-4.16666666666666,-4.16666666666666,-4.16666666666666
122,"Yes","No",473.867132867133,30.3632629107981,62.1041666666667,34.0279720279721,0.694444444444442,1.38888888888888,0,0,66.6666666666667,0,0.916666666666667,1,-1.42857142857143,0,-0.00357142857142869,-7.76994260291725e-17,461.208333333333,54.8968250767635,2.08333333333333,-1.00357142857144,4.51223860487301,0.0178571428571429,-0.0744073557608506,NA,-0.0744073557608506,79.1666666666667,95.8333333333333,62.5
123,"Yes","Yes",546.245551601423,9.13795723984185,54.6600370027752,45.7257574222313,2.43055555555556,2.08333333333334,2.08333333333333,2.08333333333334,70.8333333333333,0.8,0.92367176628716,0.926016120787301,-2.85714285714286,0.451127819548872,-0.00915534575074061,0.25342295361508,551.197916666667,80.6234417774079,22.9166666666667,-17.0910714285715,0.156400651449531,-0.0392857142857143,-0.0292165715284602,0.0252322196034936,-0.0886152527633187,4.16666666666666,0,8.33333333333334
124,"Yes","Yes",510.383802816901,2.72261904761905,31.8098684210527,66.2833407727024,1.38888888888888,2.77777777777778,1.04166666666666,1.3888888888889,87.5,2.65486725663717,0.960312392253764,0.617747934445219,-4.2857142857143,0.213940648723257,-0.0126716196469806,0.0535556808203858,488.4375,58.0998799708879,4.16666666666667,-5.6357142857143,3.6017055530049,0.00357142857142857,0.0564627783607321,-0.000940013990905886,0.11386557071237,-4.16666666666666,-4.16666666666666,-4.16666666666666
125,"Yes","Yes",497.60071942446,-9.63309352517985,26.440350877193,52.3465838509317,3.47222222222222,0,-5.20833333333334,-1.38888888888888,54.1666666666667,2.41935483870968,0.871409504474021,0.826328484759886,-2.14285714285714,-0.494092373791622,-0.00377234868306303,0.0548946400097696,454.9375,59.1687706569321,3.125,-6.06428571428574,0.0283018547498947,-0.0125,0.0305348418616611,0.0536984657581212,0.00737121796520102,-4.16666666666666,-4.16666666666666,-4.16666666666666
126,"Yes","Yes",534.769230769231,2.7241784037559,36.0105263157894,51.5384615384615,0.694444444444442,1.38888888888888,0,0,58.3333333333333,0.934579439252336,0.890845288476879,0.926611679916534,-5,-0.158730158730159,-0.0105975723622783,0.0124942581534221,454.041666666667,47.8369856176417,1.04166666666667,-8.52500000000004,1.39825226451805,-0.00178571428571429,0.100130890052356,0.15461387434555,0.0456479057591624,0,0,0
127,"Yes","Yes",811.543165467626,27.0719424460432,35.6630434782609,13.0615002329554,2.77777777777778,-1.38888888888888,-2.08333333333333,1.38888888888888,95.8333333333333,4.0983606557377,0.978446801014513,0.00790823386702467,-0.714285714285718,-1.91192266380236,0.00304232893031887,0.277531756267781,557.791666666667,112.798461791179,19.7916666666667,-16.775,-9.06440358942833,-0.0553571428571429,-0.000264494286923306,-0.00782903089293266,0.00730004231908591,0,0,0
128,"Yes","Yes",489.448028673835,12.1472402096824,21.239749497814,27.5849522047487,3.125,2.08333333333333,2.08333333333334,-2.08333333333333,71.875,2.60869565217391,0.918730405456724,0.776700645338406,-1.25000000000001,-1.31328320802005,0.00143768765327248,0.0963211842437969,491.989583333333,94.2544702043822,6.25,7.67678571428567,10.6793945369523,0.00357142857142857,-0.0158068783068783,0.0360817166372722,-0.0676954732510288,-4.16666666666666,-4.16666666666666,-4.16666666666666
129,"Yes","Yes",496.163636363636,-0.418165467625897,47.8476523476523,38.1593145033323,4.51388888888888,-2.08333333333334,3.125,-0.694444444444454,56.25,8.84955752212389,0.84067470119617,0.50627593909713,-0.357142857142857,-3.26678497485951,0.0193093461120666,0.151179611616387,449.90625,60.2800618385811,0,-6.40535714285718,3.21903708843543,0,0.030158592599012,0.0540919201548373,0.00404950799265732,0,-4.16666666666666,4.16666666666667
130,"Yes","Yes",636.092250922509,14.5310660562459,55.8321256038648,77.104743729553,5.55555555555556,4.16666666666666,2.08333333333334,-5.55555555555556,72.9166666666667,3.96825396825397,0.915888359476022,0.676490861618799,-1.78571428571429,0.0758920168858057,-0.00569412249140717,0.0368427878298726,579.479166666667,95.6508980524784,28.125,9.88928571428567,5.54222417336149,0.0375,0.143665101247286,0.12530649116015,0.163692675887798,4.16666666666666,0,8.33333333333334
131,"Yes","Yes",520.061371841155,42.9258215962442,46.3043478260869,58.391095818997,3.81944444444444,4.86111111111112,0,0.694444444444442,63.5416666666667,1.76991150442478,0.900248313152482,0.860381584171868,5.17857142857142,0.212585034013606,0.0134885204081633,-0.0533455086380842,438.875,58.8897721438782,3.125,9.79999999999997,0.993811688977461,-0.00178571428571429,0.03436876247505,0.00870481259702832,0.0600327123530717,-4.16666666666666,-4.16666666666666,-4.16666666666666
132,"Yes","Yes",712.658181818182,-61.3414788955887,43.3710622710622,-8.9576324976199,3.125,-0.694444444444442,-1.04166666666666,-0.694444444444442,90.625,5.12820512820513,0.961148835340646,0.271745241539046,-1.25000000000001,-2.25340136054422,0.00322780804050933,0.169412088156946,568.677083333333,116.654460044379,22.9166666666667,-8.92678571428577,-16.8822789274156,-0.0107142857142857,0.0111758697350237,0.0909441406797653,-0.0758440622046942,0,-4.16666666666666,4.16666666666667
133,"Yes","Yes",664.890510948905,28.6366737739872,79.1290282750957,44.5109489051094,4.51388888888888,3.47222222222222,2.08333333333333,0.694444444444454,55.2083333333333,0,0.888020833333333,1,-9.82142857142858,0,-0.0245535714285715,-7.76994260291725e-17,490.760416666667,130.002408462845,10.4166666666667,-7.63750000000004,25.1981200146997,0.025,0.168433591818722,0.0768587554874225,0.269165911783151,4.16666666666666,0,8.33333333333333
134,"Yes","No",527.719858156028,0.215895372233376,48.5594624860023,22.2464657644514,2.08333333333334,1.3888888888889,1.04166666666667,-2.77777777777778,91.6666666666667,4.0983606557377,0.967099006033432,0.320546530948042,-3.21428571428572,-0.216146426672742,-0.00775148639998276,0.347645016547124,377.40625,72.1694757060366,1.04166666666667,-3.51607142857144,10.4514032593259,0.00892857142857143,0.00916712371699444,0.0201363315834836,-0.0127712920159836,87.5,83.3333333333333,91.6666666666667
135,"Yes","Yes",796.756363636364,9.25177304964541,0.305142165759207,77.9701682005713,3.81944444444444,4.86111111111112,7.29166666666667,-0.694444444444442,51.0416666666667,2.72727272727273,0.860814437287234,0.808053791778758,5.53571428571428,0.69187675070028,0.0115542449478103,-0.0670167215398402,498.25,76.3001000206284,7.29166666666667,-8.83214285714288,0.19084271885413,-0.00892857142857144,0.150144657306587,0.109660878685468,0.18725478770928,-4.16666666666667,0,-8.33333333333334
136,"Yes","Yes",563.42578125,30.8936702679607,49.118686868687,15.878054740958,11.1111111111111,-1.38888888888889,7.29166666666666,5.55555555555555,72.9166666666667,8.62068965517241,0.896347437804009,0.429697643355533,-2.85714285714287,-1.42617908407382,-0.00372095750335473,0.132599217486945,510.40625,46.8099355456667,4.16666666666667,5.8017857142857,1.30130661541155,0.0142857142857143,-0.00172140805655798,-0.0449836757738665,0.0415408596607505,-4.16666666666666,-4.16666666666666,-4.16666666666666
137,"No","No",580.793103448276,-17.1104651162791,29.4827586206898,99.1542948038176,68.75,1.38888888888889,0,4.16666666666666,33.3333333333333,5.6,0.781446327683616,0.615655051183952,-0.714285714285715,0.194630379715855,-0.0225778868296158,-0.0472328309316856,505.833333333333,318.497580480496,47.9166666666667,-13.9964285714286,42.626595236663,0.0607142857142857,0.638655462184874,0.859477124183007,0.344226579520697,0,-4.16666666666666,4.16666666666667
138,"Yes","No",589.163424124514,18.7131745260087,65.3200280112045,106.957348842845,10.7638888888889,10.4166666666667,1.04166666666666,3.47222222222222,79.1666666666667,6.10687022900763,0.925244279436567,0.484056786305818,-2.14285714285715,-4.04761904761905,0.012273080929096,0.252866280840695,492.760416666667,118.950121770842,9.375,19.9196428571428,20.3705955509306,0.0303571428571429,NA,NA,NA,66.6666666666667,66.6666666666667,66.6666666666667
139,"Yes","Yes",655.103703703704,35.321992976295,63.9681159420289,25.1436567164179,6.25,1.38888888888888,2.08333333333334,1.38888888888888,83.3333333333333,0,0.958333333333333,1,-0.357142857142861,0,-0.00089285714285726,-7.76994260291725e-17,479.40625,46.9859056414513,2.08333333333333,2.60178571428567,3.82583117634783,0.0107142857142857,0.0964391342439333,0.103313714076278,0.0881896384451199,4.16666666666667,-4.16666666666666,12.5
140,"No","No",637.81990521327,49.0799640610961,35.5335295354215,85.9562443845463,26.0416666666667,0.694444444444443,5.20833333333334,-0.694444444444443,27.0833333333333,5.73770491803279,0.753648888827969,0.570016715080898,-6.78571428571429,-1.89545291800931,1.00919563096124e-05,0.122979190692232,591.15625,189.816605569692,30.2083333333333,15.8160714285714,17.9539057621144,0.0339285714285714,-0.0997622247493022,-0.0421290484559377,-0.140105448154657,-4.16666666666667,8.33333333333333,-16.6666666666667
141,"Yes","No",628.092526690391,36.356990881459,21.2718732314657,24.2997264160502,2.43055555555556,0.694444444444442,-2.08333333333334,-2.08333333333334,73.9583333333333,2.7027027027027,0.923951487799419,0.7597350376627,-3.03571428571429,1.40096618357488,-0.0152325724975981,-0.0821873092661971,553.510416666667,71.3744749880835,16.6666666666667,-2.7089285714286,6.62125710851161,0.0107142857142857,NA,NA,NA,87.5,87.5,87.5
142,"Yes","Yes",495.827464788732,-4.95337995337997,54.2526315789473,63.612676056338,1.38888888888888,1.3888888888889,0,0,68.75,0.917431192660551,0.917815506942514,0.918814041341765,-3.92857142857143,0.840336134453782,-0.0140198266806723,-0.0545944072721457,406.645833333333,58.5992597701885,2.08333333333333,-6.48214285714287,-0.015109462700402,0.00357142857142857,0.14003706929278,0.129429892141757,0.151608535275715,4.16666666666666,0,8.33333333333334
143,"Yes","Yes",595.836879432624,4.83322432962711,46.4312943262411,86.6545271629778,2.08333333333334,2.77777777777778,2.08333333333334,1.3888888888889,66.6666666666667,2.25563909774436,0.906284943127048,0.819481588150586,-3.57142857142858,1.00594893827977,-0.0145016115880778,-0.0705261264714428,608.010416666667,106.218096861492,41.6666666666667,43.9696428571429,9.66994051646342,0.214285714285714,0.0272590480715925,0.00721311475409836,0.0456344869459624,0,4.16666666666667,-4.16666666666666
144,"Yes","Yes",665.266666666667,26.6829016054369,37.9473684210526,-14.7211169112578,1.04166666666666,0.694444444444442,-1.04166666666666,0.694444444444442,85.4166666666667,0.806451612903226,0.960884911268467,0.879312753177818,-0.357142857142863,-0.62111801242236,0.00132265831994086,0.061270336867184,523.46875,102.585620529749,16.6666666666667,1.32678571428573,-0.924139595399399,-0.00357142857142859,0.0419169582150636,0.0478469425924703,0.0354478843488019,0,-4.16666666666666,4.16666666666667
145,"Yes","Yes",544.10394265233,52.5459451125502,22.7122983399579,41.741726618705,3.125,2.08333333333333,3.125,-0.694444444444442,82.2916666666667,4.8780487804878,0.938639478821151,0.516973180295462,-3.39285714285714,0.702826585179526,-0.0107824834479247,-0.0812659951390415,500.90625,141.71001362122,9.375,-7.87321428571431,-26.1424455069139,-0.0232142857142857,-0.0365953947368421,-0.0115131578947368,-0.0616776315789474,0,0,0
146,"Yes","Yes",520.906015037594,12.0375939849623,56.4217054263566,47.5426277702397,7.63888888888888,0,4.16666666666666,1.3888888888889,57.2916666666667,1.51515151515152,0.884974968213605,0.885041192421285,0.892857142857135,-0.927240461401952,0.00767153007448034,0.0627125529090611,466.427083333333,106.992940720569,6.25,15.4767857142857,14.1490180451772,0.0285714285714286,-0.000892776985306527,-0.000113051834265985,-0.00176996778022719,12.5,4.16666666666666,20.8333333333333
147,"Yes","Yes",548.406015037594,12.9542062415196,-32.4157303370787,52.6766968325792,7.29166666666666,0.694444444444442,1.04166666666666,4.86111111111111,59.375,7.9646017699115,0.856113272153004,0.53386714884981,-2.67857142857143,-2.73698609878734,0.00726413004266257,0.0522979012693664,453.625,135.941957428432,5.20833333333333,13.1857142857143,41.4203405882223,0.0410714285714286,-0.0486000864468333,0.00170559691628075,-0.0938752014736359,16.6666666666667,20.8333333333333,12.5
148,"Yes","Yes",547.911347517731,-4.02127659574467,33.188115449915,49.1739436619719,2.08333333333334,0,-2.08333333333334,-1.3888888888889,80.2083333333333,3.50877192982456,0.937785158920027,0.64843012377045,1.9642857142857,-0.566893424036282,0.00768521004893179,0.0806332358280774,534.989583333333,76.8646787394529,12.5,18.4660714285713,12.5825032426524,0.0535714285714286,-0.000748615062135186,-0.0241054050007487,0.0226081748764784,0,0,0
149,"Yes","Yes",466.067375886525,50.8561151079137,43.7720823798627,36.839110529758,2.08333333333334,2.77777777777778,3.125,2.77777777777778,71.875,0.819672131147541,0.926255371459034,0.922678205693047,-0.892857142857148,-0.680272108843538,0.0011585884353741,0.0463222654482945,449.34375,91.520354724768,2.08333333333333,-7.03392857142859,-7.43095866796597,0.00357142857142857,0.192463391473837,0.292418411714728,0.0925083712329452,8.33333333333334,8.33333333333334,8.33333333333334
150,"Yes","Yes",599.968871595331,33.1787404441209,30.6994956570468,42.0354325931319,10.4166666666667,6.94444444444444,4.16666666666666,8.33333333333334,37.5,5.64516129032258,0.796767300799559,0.629642190944548,-4.28571428571429,2.28375408134268,-0.0399288709922502,-0.0690781930653238,505.208333333333,136.749476409402,14.5833333333333,4.58928571428568,19.9417442315189,0.0428571428571428,0.0813481766283889,0.0334619817212083,0.138811610517006,4.16666666666667,-4.16666666666666,12.5
151,"Yes","Yes",528.370106761566,26.0285294415729,10.3277282086478,40.8804457953394,2.43055555555556,3.47222222222222,-1.04166666666666,-0.694444444444442,64.5833333333333,2.83018867924528,0.897923880757238,0.785345109860721,1.78571428571428,-0.571428571428572,0.00741964285714282,0.0231831559882273,482.71875,56.1984646962043,6.25,6.92321428571424,9.5306110437658,0.0285714285714286,0.120560241430008,0.178209394103536,0.0629110887564807,0,0,0
152,"Yes","Yes",602.411111111111,67.4984348399144,11.9528693528694,13.288301141352,6.25,5.55555555555556,-1.04166666666666,1.38888888888888,71.875,9.34579439252336,0.889931677729278,0.409328492342018,0.892857142857144,0.548872180451127,-0.000400145255470598,-0.0185514129536505,443.083333333333,47.9558276282328,1.04166666666667,-1.41071428571431,1.11633309333955,0.00178571428571429,-0.00584337310565766,0.0217329646174573,-0.0389349783733958,4.16666666666667,-4.16666666666666,12.5
153,"Yes","Yes",596.629090909091,32.7150418122155,48.8318996415771,61.1380514122501,4.51388888888888,4.86111111111111,3.125,-0.694444444444454,65.625,7.14285714285714,0.880241038723182,0.545572472178603,-0.892857142857148,-1.10649522967082,0.00447531427727204,0.056360954556484,524.145833333333,84.9464201614501,11.4583333333333,17.1535714285714,3.53090678065476,0.0196428571428571,0.0543436963670425,0.0909172791468511,0.0104553970312725,4.16666666666667,-4.16666666666666,12.5
154,"Yes","Yes",482.237410071942,15.1079136690648,10.6985815602837,44.7505178127589,3.47222222222222,0,-4.16666666666666,4.16666666666667,60.4166666666667,3.96825396825397,0.880532118090895,0.725108355726259,-7.85714285714287,0.790065696897995,-0.0293532303951445,-0.0396925274762568,517.322916666667,83.7865074920736,10.4166666666667,8.2410714285714,10.0960647720176,0.0214285714285714,0.0859103385178408,0.160109789569991,0.0117108874656907,0,0,0
155,"Yes","Yes",613.412408759124,12.5277185501066,68.121003996004,58.5007459505541,4.86111111111112,4.16666666666666,3.125,-1.3888888888889,60.4166666666667,5.45454545454545,0.872761999135921,0.645223396122493,2.85714285714285,0.171568627450981,0.00885886642681543,0.00828924340963142,514.40625,77.3075305278586,15.625,15.6517857142857,4.58789879771752,0.0517857142857143,0.106590933172362,0.0652093641533121,0.144524038106491,4.16666666666666,8.33333333333334,0
156,"Yes","Yes",713.310218978102,55.649496080627,-1.16463116756222,22.4306569343066,4.86111111111112,5.55555555555555,3.125,0,76.0416666666667,3.7593984962406,0.925404819388073,0.668620246304919,-6.96428571428572,1.31876645409353,-0.0268540020484273,-0.0844490577990324,523.8125,129.663557555293,14.5833333333333,-0.953571428571449,8.94233889149027,0.00357142857142855,0.0238597136945889,0.0317420604924997,0.0151891322168872,12.5,8.33333333333334,16.6666666666667
157,"Yes","Yes",542.086642599278,23.7410071942446,18.6287961282517,19.7144868585733,3.81944444444444,0.694444444444442,-8.33333333333334,-3.47222222222222,82.2916666666667,3.6036036036036,0.943126525725714,0.61501713559896,-1.96428571428572,0.272108843537415,-0.00630751940199163,-0.0442060396351594,488.229166666667,54.3746224023993,4.16666666666667,-3.63571428571433,-1.92718022716453,-0.0142857142857143,0.0246047049749326,0.0926270027696947,-0.0377490680035994,0,4.16666666666667,-4.16666666666666
158,"Yes","Yes",527.337037037037,37.0181109708578,21.6009987515605,50.2061906591296,6.25,2.77777777777777,-1.04166666666666,2.77777777777777,82.2916666666667,7.9646017699115,0.927701778317471,0.330654116286504,-3.39285714285715,-4.78839957035446,0.00626820026256111,0.259686751630322,535.71875,86.3078581681816,15.625,9.0017857142857,6.65166603202562,0.0232142857142857,-0.0315326609541601,0.0318304049945779,-0.0948957269028978,4.16666666666667,4.16666666666667,4.16666666666667
159,"Yes","No",610.822878228782,2.10942265795211,64.2526315789473,81.3196971347642,5.20833333333334,0.694444444444442,6.25,3.47222222222222,85.4166666666667,5.17241379310345,0.946414258225654,0.434970140335962,-5.35714285714287,-1.18933697881066,-0.0119611461011838,0.213641821737797,503.791666666667,161.621514765478,18.75,9.14642857142858,26.08602512833,0.0107142857142857,-0.140873152286009,-0.140873152286009,NA,87.5,83.3333333333333,91.6666666666667
160,"Yes","Yes",652.157088122605,-21.2793229968044,43.2501344086021,25.1256018790369,9.375,15.9722222222222,13.5416666666667,-0.694444444444443,60.4166666666667,4.91803278688525,0.875572651686452,0.672893768560037,-2.5,-0.987074463652738,-0.00349682435970134,0.0913960283811399,550.4375,208.110689803591,14.5833333333333,2.99642857142854,21.030678670358,0.0392857142857143,0.0521379483216008,-0.0140371399327387,0.101769264512356,4.16666666666666,16.6666666666667,-8.33333333333334
161,"Yes","Yes",695.309608540925,-12.8115435289349,32.127659574468,25.3272368021077,2.43055555555556,3.47222222222222,0,-2.08333333333334,72.9166666666667,1.92307692307692,0.924370645694175,0.825638955828061,-8.57142857142858,1.10275689223058,-0.0289061567609501,-0.0696646555024402,621.697916666667,188.417069278805,44.7916666666667,-5.07678571428576,-12.0346496110683,0.0482142857142857,0.253012876717039,0.301963885593779,0.199611776124232,4.16666666666666,0,8.33333333333334
162,"Yes","Yes",545.257352941176,15.9235469045689,20.6047619047619,6.9498161367078,5.55555555555556,-1.38888888888888,1.04166666666666,-2.77777777777778,80.2083333333333,7.40740740740741,0.923474476911977,0.39659287107476,0.535714285714283,-3.05383022774327,0.0140305957370138,0.18226635301708,441.8125,48.7036824502062,0,-12.775,1.790928200724,0,0.0776208814719727,0.0760804450149764,0.0791613179289687,0,0,0
163,"Yes","Yes",693.495798319328,24.4269266087448,33.497771909556,-8.00211909302811,17.3611111111111,2.77777777777778,-10.4166666666667,-2.77777777777778,83.3333333333333,24.3478260869565,0.87187989338664,-0.140234428329032,-3.3970440237408e-15,-4.16770186335404,0.0157701526196643,0.0332411320616903,378.40625,74.600349671115,0,-0.90535714285717,-1.78334659086147,0,0.0238981195900905,0.0107551487414187,0.0382359059704596,-8.33333333333334,-12.5,-4.16666666666666
164,"Yes","Yes",676.690566037736,42.8812941444521,41.8129571577847,-7.2774164099053,7.98611111111112,0.694444444444454,1.04166666666666,-7.63888888888889,85.4166666666667,10.8333333333333,0.927404832459539,0.126462045686475,2.5,-0.375258799171844,0.00779642168132071,-0.0630194422807312,477.739583333333,72.0042754273978,3.125,0.191071428571358,1.14127861188445,-0.00178571428571429,-0.0519285964298216,-0.0869093454672734,-0.0169478473923696,-4.16666666666667,-4.16666666666667,-4.16666666666667
166,"Yes","Yes",633.720430107527,58.6092592592593,100.715968885838,79.9066227889757,2.77777777777778,5.55555555555556,2.08333333333334,-4.16666666666667,37.5,2.23880597014925,0.825246382590862,0.829183814840471,-5.71428571428572,-0.135516657255788,-0.0130001630098681,0.0066360132724746,600.8125,238.238991572041,55.2083333333333,20.85,35.9535961838944,0.119642857142857,0.144808389435526,0.0634386328327292,0.226178146038322,0,0,0
167,"Yes","Yes",641.174418604651,78.299511371177,45.3361030328209,36.997113997114,10.0694444444444,10.4166666666667,5.20833333333333,3.47222222222222,41.6666666666667,2.41935483870968,0.83603483515507,0.822936426209962,-1.07142857142857,1.30434782608696,-0.00987140986170494,-0.068248565817204,494.802083333333,206.214534164974,20.8333333333333,1.36249999999996,29.9343176785897,0.0285714285714286,0.240236261764787,0.137923325329138,0.333248022160832,-12.5,-12.5,-12.5
168,"Yes","Yes",592.432142857143,-3.30113781315379,58.9817770232031,106.169728516024,2.77777777777778,1.38888888888888,-2.08333333333334,2.77777777777778,88.5416666666667,3.57142857142857,0.960209176263098,0.493147783010413,0.178571428571422,1.48010719439291,-0.00436840348743278,-0.172600255239766,443.666666666667,61.2837518891756,1.04166666666667,0.792857142857094,2.73387459017324,0.00892857142857143,0.12298522498321,0.190676068950078,0.049140667928445,0,-4.16666666666666,4.16666666666667
169,"Yes","Yes",530.810714285714,7.59285714285716,-17.6774193548388,44.0209704576765,2.77777777777778,0,0,1.38888888888888,60.4166666666667,3.47826086956522,0.8830827970024,0.753794938141031,2.5,1.44201082416185,-0.00055168102936983,-0.111418012823324,453.59375,64.7057433593357,4.16666666666667,1.76249999999998,4.45942709547368,0.0107142857142857,0.128644310938056,0.0725964682799216,0.180021500041346,4.16666666666666,8.33333333333334,0
170,"Yes","No",488.294545454545,6.87067597588066,25.5500936329588,81.4714194982534,4.51388888888888,-0.694444444444454,7.29166666666666,4.86111111111111,28.125,0.854700854700855,0.811166128896912,0.919534129271472,-11.6071428571429,-0.680272108843538,-0.0327699829931973,0.0463222654482945,486.489583333333,48.9710966939021,2.08333333333333,9.50892857142856,7.80697325891942,0.0142857142857143,0.0498832886660327,0.0498832886660327,NA,91.6666666666667,87.5,95.8333333333333
171,"Yes","No",589.158450704225,43.8239436619718,23.515120967742,31.8521126760564,1.38888888888888,0,3.125,0,78.125,3.96039603960396,0.930384078034092,0.635908942412944,0.178571428571428,-1.15584415584416,0.00422912066004163,0.0906672086358859,533.072916666667,51.3615143225818,7.29166666666667,-6.15535714285715,0.143244623556558,-0.0196428571428572,-0.0526953361599032,NA,-0.0526953361599032,91.6666666666667,95.8333333333333,87.5
172,"Yes","Yes",724.401459854015,-13.0387671305924,62.7268280753241,40.8985507246376,4.51388888888888,4.86111111111111,6.25,2.08333333333334,87.5,4.58015267175572,0.954163849509269,0.429003075056356,2.14285714285714,0.770273205055814,0.0036438420329806,-0.121407270172819,523.875,95.4357596005099,15.625,7.71071428571424,0.66596409846446,0.0410714285714286,0.124365816903177,0.183360542509105,0.0653710912972499,8.33333333333334,4.16666666666667,12.5
173,"Yes","Yes",510.339416058394,39.7807971014493,24.520264681555,30.9236999147486,4.51388888888888,0.694444444444454,-2.08333333333334,-0.694444444444454,81.25,5.08474576271187,0.934968467708139,0.518837369313128,-0.357142857142856,0.246237250881213,-0.00282970933196875,-0.0114813742738407,451.4375,40.6975526226539,0,-0.671428571428602,1.47323395124534,0,0.0179432455932338,0.0795984507153585,-0.043711959528891,0,0,0
174,"Yes","Yes",547.751798561151,55.8820210177563,48.5679055633474,3.92636702568348,3.47222222222222,-2.77777777777778,-1.04166666666666,4.16666666666667,72.9166666666667,4.80769230769231,0.912388537388537,0.623713244998152,-0.357142857142864,-0.287751464222053,-0.000372631155187912,0.0495712152793835,471.15625,69.1782332856681,3.125,5.49821428571424,9.20959837544784,0.0160714285714286,0.0305644646911058,0.0113328234721548,0.0515444369299615,4.16666666666666,0,8.33333333333334
175,"Yes","Yes",562.6,-17.1681022506251,41.8459259259259,65.4402673350041,16.6666666666667,2.77777777777778,-6.25,8.33333333333334,35.4166666666667,9.09090909090909,0.758224710338681,0.469167233057242,-6.07142857142858,0.260879471405787,-0.0195428829426507,-0.0016992211308759,536.552083333333,86.8036950209969,14.5833333333333,5.58749999999994,5.8439435657915,0.0107142857142857,-0.00433044134288945,0.0604300264051301,-0.0573162785912691,16.6666666666667,25,8.33333333333334
176,"Yes","Yes",524.363957597173,1.49375686744577,54.0661962365592,34.1302067725502,1.73611111111112,0.694444444444453,-3.125,0.694444444444453,82.2916666666667,2.75229357798165,0.946114820341869,0.689658705245565,-0.89285714285715,-0.873015873015873,1.01630564505673e-05,0.0778245082269691,498.072916666667,52.1379233211835,4.16666666666667,2.24821428571423,1.25972286029069,0.00357142857142857,0.172457020057307,0.168159025787966,0.176755014326648,0,0,0
177,"Yes","Yes",486.241935483871,41.2717426763228,70.3094405594405,64.4582010582011,13.5416666666667,9.02777777777778,9.375,22.9166666666667,19.7916666666667,0.934579439252336,0.785782246722321,0.889783047493727,-3.03571428571429,-0.21978021978022,-0.004945054945055,0.0156958920907418,531.510416666667,97.0498509765028,18.75,16.0696428571428,14.6209850565124,0.0571428571428571,-0.0105868879018967,0.0548898013911003,-0.0826112461241933,4.16666666666666,0,8.33333333333333
178,"Yes","Yes",513.421641791045,28.550613154961,41.578500522466,33.1746695666722,6.94444444444444,5.55555555555556,-1.04166666666666,6.94444444444444,68.75,5.64516129032258,0.896672995463318,0.602662259888719,3.57142857142857,0.2012987012987,0.00800561132163572,-0.0510477236338157,549.739583333333,70.356273021734,16.6666666666667,7.36249999999998,1.45017286531724,0.0321428571428571,-0.0202461263886082,-0.0381704954110885,-0.00381545478466798,-4.16666666666667,0,-8.33333333333334
179,"Yes","No",635.423387096774,85.0622112318605,7.37702027622686,39.7594146341464,12.8472222222222,4.86111111111112,1.04166666666666,0.694444444444443,39.5833333333333,4.46428571428571,0.813704822804675,0.697303074118313,-4.64285714285715,-0.0545119767087736,-0.0152866887014736,-0.0118574196502216,630.75,189.308659128558,55.2083333333333,15.0285714285714,-8.82412108595279,0.0232142857142857,-0.0387536551095584,0.05229180116204,-0.141179793415107,4.16666666666666,0,8.33333333333334
180,"Yes","Yes",611.823741007194,1.3741007194244,64.4419493549927,17.8345323741007,3.47222222222222,0,1.04166666666667,0,68.75,4.03225806451613,0.903929680376549,0.694749498997996,-7.5,-0.897056966022484,-0.0155135880296026,0.062454547029315,434.78125,80.6339621701871,6.25,-1.32678571428573,12.7317075765287,0.0214285714285714,-0.0109540874974644,-0.0216315566237805,-0.00116640746500778,-4.16666666666667,0,-8.33333333333334
181,"Yes","Yes",484.453531598513,26.3723463069438,42.3501011122346,23.6115656789032,6.59722222222222,-2.08333333333333,6.25,2.08333333333333,54.1666666666667,4.1958041958042,0.861033168357003,0.721296802905748,-0.714285714285719,0.407592407592408,-0.00432151182151189,-0.0255297723903379,473.84375,35.717702562116,1.04166666666667,4.75535714285713,3.38869246182795,0.00535714285714286,-0.00681088027414864,-0.0103448275862069,-0.00295566502463054,4.16666666666666,0,8.33333333333334
182,"Yes","No",587.76512455516,20.6818642350557,50.3829787234043,73.1095744680852,2.43055555555556,0.694444444444442,0,0.694444444444442,50,1.5625,0.865203373015873,0.884084636614535,-1.78571428571429,-0.389915966386555,-0.00165025697779117,0.0237703238368961,525.604166666667,98.939585943477,15.625,1.25357142857145,-0.727148652948373,-0.00892857142857146,-0.210310159022211,-0.262452359048495,-0.192929425680116,79.1666666666667,87.5,70.8333333333333
184,"Yes","Yes",715.582417582418,43.4357142857143,71.6653376827353,24.3311500053688,4.86111111111112,4.16666666666666,5.20833333333333,-2.77777777777778,60.4166666666667,5.12820512820513,0.874472408416374,0.661904464453031,-3.57142857142857,-3.45755693581781,0.00253503226609042,0.247867140381657,537.635416666667,82.2742678697828,19.7916666666667,1.26250000000001,-0.245136127816825,0.00535714285714285,0.24969235382929,0.254151930673616,0.245232776984964,-4.16666666666666,-4.16666666666666,-4.16666666666666
185,"Yes","Yes",667.076086956522,-7.32608695652175,11.8328502415459,-21.0239458068581,3.81944444444444,0.694444444444442,-3.125,-2.08333333333334,87.5,6.95652173913043,0.946537775004354,0.256455323393888,0.357142857142847,0.0899722207723664,0.000804290859976821,-0.0176492108854436,538.46875,74.4918156048385,9.375,-4.07321428571434,12.8285672601136,0.0232142857142857,0.0574126952868584,0.113463305763424,0.0013620848102928,-4.16666666666666,-4.16666666666666,-4.16666666666666
186,"Yes","Yes",581.627306273063,-8.46681922196797,79.0487256371814,38.1656318082788,5.90277777777778,3.47222222222222,5.20833333333334,-0.694444444444442,66.6666666666667,4.62962962962963,0.89526024811219,0.668490505310589,-3.21428571428572,-3.07692307692308,0.00482257326007327,0.144838523887002,509.25,128.754029063171,8.33333333333333,18.9214285714286,14.0786112353585,0.0142857142857143,0.0462176057076908,0.118062113104606,-0.0256269016892246,-8.33333333333334,-8.33333333333334,-8.33333333333334
187,"Yes","Yes",462.228682170543,25.4998794599807,28.8101851851852,24.9155844155844,10.4166666666667,-9.72222222222222,7.29166666666666,4.16666666666666,50,7.3394495412844,0.828401762194568,0.572288758022894,-5.00000000000001,-3.58554488989272,0.00471903484714037,0.145042905780146,482.302083333333,67.9473665949828,3.125,-3.2410714285715,-12.1397459877635,-0.00535714285714286,-0.0424507658643327,-0.02109409190372,-0.0638074398249453,0,0,0
188,"Yes","Yes",695.297297297297,39.2108656716417,21.8920265780731,38.6160543893129,9.375,4.86111111111112,-2.08333333333334,-0.694444444444443,82.2916666666667,12.8205128205128,0.910270356621227,0.131872324191429,-3.39285714285715,-3.1948051948052,0.00216003047182557,0.272842309731677,532.8125,114.522193895929,19.7916666666667,7.47142857142854,24.6018143930857,0.0517857142857143,-0.0234657199127432,0.00920847721578975,-0.0591102985984157,-4.16666666666667,-8.33333333333334,0
189,"Yes","Yes",647.608695652174,18.18575,69.1785714285714,56.1322314049587,11.8055555555556,-1.38888888888888,1.04166666666666,-6.94444444444444,80.2083333333333,14.9122807017544,0.895369390850604,0.11154419664796,-1.25,-0.328852434115594,-0.00154210783733814,0.0115586780730881,444.729166666667,59.5543942727401,1.04166666666667,7.54642857142851,-0.0771932249012647,0.00892857142857143,0.0172077535973363,-0.0381793316684504,0.0725948388631229,-4.16666666666666,-4.16666666666666,-4.16666666666666
190,"Yes","Yes",619.177304964539,8.77687779846053,0.91397849462362,40.6241134751773,2.08333333333334,-2.77777777777778,0,0,68.75,5,0.899581339712919,0.63787969029184,-1.42857142857143,-1.15337043908472,0.000327896310039105,0.0465530953598832,424.729166666667,35.3343367120029,0,0.596428571428524,-1.36404578079859,0,0.0471598177745105,0.0620423379044069,0.0309243412691689,4.16666666666666,0,8.33333333333334
191,"Yes","Yes",493.457746478873,7.3870951743292,35.6702127659574,56.0944444444444,1.38888888888888,1.3888888888889,0,2.77777777777778,33.3333333333333,0,0.833333333333333,1,-3.57142857142857,0,-0.00892857142857151,-7.76994260291725e-17,463.354166666667,79.4241086515154,10.4166666666667,13.0357142857142,3.33181700338887,0.0285714285714286,0.0233540158566012,-0.000853937513710111,0.0455446397793864,0,4.16666666666667,-4.16666666666666
192,"Yes","Yes",812.127049180328,0.711079755425658,-1.91867469879514,15.0766386554621,14.5833333333333,0,-3.125,-5.55555555555556,97.9166666666667,26.3157894736842,0.925742297899003,-0.809623724382457,0.357142857142855,-0.224089635854344,0.00180575980392153,-0.0323457474483718,596.09375,119.969652138408,42.7083333333333,1.98392857142849,-7.74472241981267,-0.0232142857142857,0.0934439153606004,0.0793049730377471,0.109153851274882,12.5,8.33333333333333,16.6666666666667
193,"Yes","Yes",817.019379844961,28.1135050553684,5.91005884001117,58.3409420289855,9.02777777777778,6.94444444444444,-2.08333333333334,9.72222222222222,91.6666666666667,10.655737704918,0.94762085435495,-0.109644018576726,-2.85714285714287,-2.57183809978841,-0.00190738450212435,0.243152893471307,790.34375,199.435562901906,81.25,56.0125,2.7865756380398,0.121428571428571,0.131612756220063,0.119960439816162,0.143265072623965,0,0,0
194,"Yes","Yes",649.375494071146,79.5819672131148,-3.30120481927713,37.0332583145787,11.4583333333333,4.86111111111111,0,3.47222222222222,91.6666666666667,14.9253731343284,0.93480613281281,-0.248754364478658,-3.21428571428572,-2.2068887634105,-0.00356546319450054,0.192617468740653,456.395833333333,106.858832520851,9.375,20.45,9.17228713666058,0.0375,0.0199646196613596,0.00265352539802882,0.0388494497668114,0,-4.16666666666666,4.16666666666667
195,"Yes","Yes",549.339694656489,8.70273109243703,9.30131362889983,51.8872180451128,9.02777777777778,6.94444444444444,-3.125,-2.77777777777778,72.9166666666667,15.929203539823,0.864848307161709,0.191805726001784,-5.00000000000001,-2.00842015127729,-0.0107606232299524,0.0862453518851932,469.614583333333,54.3052522014829,3.125,0.430357142857115,-2.14947011523065,-0.00178571428571429,0.178591686249088,0.229560003241228,0.127623369256948,0,0,0
196,"Yes","Yes",755.624535315985,12.8947368421053,5.57411477411472,-5.25066342326409,6.25,-2.77777777777777,-2.08333333333334,2.77777777777777,84.375,9.1743119266055,0.929808646480091,0.22545598322188,-4.82142857142857,1.201773372826,-0.017939156646587,0.331245425731079,493.864583333333,118.872919300329,8.33333333333333,-9.54464285714293,-3.02475080449587,-0.0142857142857143,0.0942668996941514,0.0612529388510913,0.127280860537211,-8.33333333333334,-8.33333333333334,-8.33333333333334
197,"Yes","Yes",511.900709219858,25.5913480885312,21.1066117593228,50.3262411347517,2.08333333333334,-1.3888888888889,-1.04166666666666,0,68.75,3.6697247706422,0.905554355812383,0.717415158185223,-1.78571428571429,1.03361344537815,-0.00960758419695637,-0.0546994913386479,496.1875,62.4630101066139,5.20833333333333,-7.97857142857149,-8.51839414284863,-0.0446428571428572,0.10168274982056,0.114442938033336,0.0889225616077836,0,0,0
198,"Yes","Yes",573.233201581028,51.5446955430006,30.5490576496675,95.2795685438355,11.8055555555556,11.1111111111111,5.20833333333333,9.72222222222222,47.9166666666667,5.26315789473684,0.835097916136961,0.666954430288259,-0.35714285714286,-1.75207039337474,0.00985043424484413,0.101031096036593,514.010416666667,180.567322030006,22.9166666666667,6.14107142857139,-2.49341283706325,0.00714285714285713,0.0576808073257336,0.0125210241076435,0.0946297208678073,-8.33333333333334,0,-16.6666666666667
199,"Yes","Yes",532.872262773723,8.37084398976981,26.9009526135808,18.8617639221956,4.51388888888888,2.08333333333334,-2.08333333333334,-3.47222222222222,69.7916666666667,7.25806451612903,0.892569803507009,0.515982695342137,-3.39285714285715,0.129171036003334,-0.0108706236464492,-0.0129980766059959,499.78125,132.025213152241,11.4583333333333,2.34464285714284,12.3489097924402,-0.0125,0.0295925335761438,0.00158654608916384,0.0552646887725421,4.16666666666666,8.33333333333334,0
200,"Yes","Yes",569.827715355805,22.9353535353534,40.8422027410792,87.8201660868589,6.94444444444444,2.77777777777778,-1.04166666666666,1.38888888888888,80.2083333333333,4.42477876106195,0.934438612956543,0.579279242302935,-3.39285714285715,0.0987012987012982,-0.00925534907638959,0.00305290815598091,510.770833333333,130.109709105465,16.6666666666667,-6.55357142857146,-0.413548116827179,0.00714285714285713,0.16765622938411,0.187030825746686,0.149896182718416,-4.16666666666667,0,-8.33333333333334
201,"Yes","Yes",612.647286821705,-8.88565238324509,17.5965909090909,132.625022556391,10.4166666666667,6.94444444444444,-8.33333333333333,5.55555555555556,69.7916666666667,3.7037037037037,0.908307520889144,0.710619704685148,1.60714285714286,-2.28571428571429,0.0135357388569463,0.124891297657967,454.677083333333,117.449428740218,6.25,11.4767857142857,8.63749478658035,0.00357142857142856,0.0404044677610424,0.147909967845659,-0.0491834489761381,-4.16666666666666,4.16666666666666,-12.5
202,"Yes","Yes",527.783687943262,8.58333333333326,37.3829787234043,43.7260653016048,2.08333333333334,4.16666666666666,0,2.77777777777778,57.2916666666667,0,0.893229166666667,1,-4.82142857142858,0,-0.0120535714285715,-7.76994260291725e-17,485.989583333333,50.2546137796357,2.08333333333333,2.3660714285714,-1.26844798937118,-0.00357142857142858,0.0341614906832297,0.0389317889317889,0.028957528957529,4.16666666666666,0,8.33333333333334
203,"Yes","Yes",506.382142857143,39.2431756722282,28.4709382151029,50.8923249642784,2.77777777777778,1.38888888888888,-3.125,-2.77777777777778,73.9583333333333,1.61290322580645,0.928376484670406,0.847757619349636,1.24999999999999,-0.721288515406163,0.00684893296086549,0.0445616918959188,454.052083333333,57.4667628957757,1.04166666666667,4.42678571428569,4.53596196402873,0.00892857142857143,0.065976584478546,0.0168409856408438,0.111017550079773,-4.16666666666667,0,-8.33333333333334
204,"Yes","Yes",654.817164179104,18.2598039215686,33.3725946015757,46.2461152882205,6.94444444444444,2.77777777777778,2.08333333333334,1.38888888888888,58.3333333333333,2.65486725663717,0.881614421713979,0.807780598056367,-0.714285714285723,-1.1124449779912,0.00350768322679944,0.0725865652953756,547.854166666667,179.324520832846,30.2083333333333,37.7464285714286,37.7170930993387,0.119642857142857,-0.0416406336138778,0.010813362461714,-0.0897234633498371,4.16666666666666,8.33333333333334,0
205,"Yes","Yes",613.42238267148,36.0205943691345,12.2989247311829,37.2381920550516,3.81944444444444,2.08333333333334,-3.125,0.694444444444442,81.25,3.38983050847458,0.941050015439511,0.646132300249177,1.42857142857142,0.414141414141414,0.00234594257896994,-0.0613682109013976,534.59375,173.224866218207,29.1666666666667,12.0053571428571,10.9960595309021,0.0535714285714285,0.00872007094295006,0.0299290570499556,-0.0167307123854568,0,-8.33333333333334,8.33333333333333
206,"Yes","Yes",835.305825242718,43.3983785822021,-10.1367461430575,3.71576743743458,22.2222222222222,-1.38888888888889,-7.29166666666667,15.2777777777778,75,16.6666666666667,0.869444444444444,0.148936170212766,-4.28571428571429,-2.89097177332472,-0.00306110599834343,0.230616695274768,519.145833333333,154.565058975631,17.7083333333333,12.4428571428571,13.4161699043572,0.0589285714285714,0.0247514390371533,-0.00869130869130866,0.0615384615384615,-16.6666666666667,-25,-8.33333333333334
207,"Yes","Yes",732.965665236051,19.4719233603537,124.562678062678,-36.8415856174477,17.3611111111111,-4.16666666666666,-5.20833333333334,-2.77777777777778,67.7083333333333,7.61904761904762,0.884480889600091,0.512948670839311,-1.60714285714286,-1.01164311878598,0.000421716289314936,0.0909702135541644,491.104166666667,53.9854715673659,3.125,-2.92500000000005,6.02600866421769,0.00892857142857143,0.0207920043832304,0.0342156473766745,0.0073683613897864,8.33333333333333,8.33333333333333,8.33333333333333
208,"Yes","Yes",507.133333333333,24.6608884073673,34.509649122807,57.3630454052989,1.04166666666666,0.694444444444442,-1.04166666666666,0.694444444444442,56.25,1.85185185185185,0.88033086807982,0.862446521624526,-4.28571428571429,-1.18447378951581,-0.00517344958816865,0.0871306076041967,467.0625,56.5441257593991,1.04166666666667,-17.8607142857143,0.661707193045685,-0.00892857142857143,0.054559043348281,0.127221391795383,-0.0181033050988208,0,0,0
209,"Yes","Yes",586.449122807017,27.2876982172756,28.0569592198581,-5.4284940411701,0.694444444444442,0,-1.04166666666666,0,61.4583333333333,0.833333333333333,0.899446303945307,0.932576709927584,-0.53571428571429,0.38961038961039,-0.00379754174397037,-0.0253521126760564,424.020833333333,47.9791575728827,0,6.30357142857138,0.079275560209618,0,0.11262189895995,0.15135370756042,0.0771177410761854,4.16666666666666,8.33333333333334,0
210,"Yes","Yes",593.694545454546,9.72366888959459,23.1226515420063,42.8325396825396,3.81944444444444,-3.47222222222222,1.04166666666666,-3.47222222222222,92.7083333333333,7.01754385964912,0.961471333390982,0.0176813555027129,0.535714285714282,-0.204251570956377,0.0021057828006615,0.0837522754984323,512.270833333333,53.6627831764773,3.125,11.825,3.73189123759547,0.0232142857142857,-0.130862019813271,-0.112839426983109,-0.148884612643432,-12.5,-12.5,-12.5
211,"Yes","Yes",520.547794117647,7.60405515004049,28.3324786324786,15.7915855505083,5.55555555555556,1.38888888888888,-1.04166666666666,2.77777777777778,88.5416666666667,10.7142857142857,0.937664565826331,0.0293770712801219,3.39285714285714,1.40806561859193,0.00642209763920288,-0.243978075506977,474.802083333333,68.0499228185751,5.20833333333333,-10.5375,-1.71157357631769,-0.0160714285714286,0.0278301989110866,0.0536864710093057,0.00197392681286734,8.33333333333334,8.33333333333334,8.33333333333334
212,"Yes","Yes",584.919540229885,41.0470899470899,33.2440730664594,49.0807968033846,9.375,6.25,10.4166666666667,4.86111111111112,55.2083333333333,1.81818181818182,0.877713868903924,0.865344073215697,3.03571428571428,-1.26890756302521,0.0195776393691447,0.096170546327612,609,172.093793276255,44.7916666666667,13.4607142857142,4.50659491908423,-0.00178571428571432,-0.0671446191797719,-0.0200431699044095,-0.114246068455134,0,0,0
213,"Yes","Yes",625.347517730496,5.43804397041811,34.0811027224892,53.1914893617021,2.08333333333334,-2.77777777777778,-1.04166666666666,0,86.4583333333333,3.7037037037037,0.954134245314592,0.533006498688861,3.75,-1.74333348900201,0.0168361902917541,0.126304763393746,538.885416666667,104.397405673721,20.8333333333333,17.3125,10.1095522201735,0.0642857142857143,0.0658471837488459,0.0801683918938621,0.0515259756038295,-4.16666666666666,-4.16666666666666,-4.16666666666666
214,"Yes","Yes",495.787003610108,25.0088158581116,46.3449041608228,50.8222291731832,3.81944444444444,4.86111111111112,1.04166666666666,0.694444444444442,51.0416666666667,0,0.877604166666667,1,3.39285714285714,0,0.00848214285714276,-7.76994260291725e-17,476.114583333333,130.154068201106,8.33333333333333,30.3910714285715,32.0055199770188,0.05,0.122220119836014,0.0516703458425314,0.216286485160657,8.33333333333334,-4.16666666666666,20.8333333333333
215,"Yes","Yes",501.776595744681,7.07880434782606,74.4775795012583,46.7438631790744,2.08333333333334,4.16666666666666,1.04166666666666,1.3888888888889,79.1666666666667,1.88679245283019,0.940956772146258,0.798171876000229,-2.14285714285715,-1.25,-0.00116515533338845,0.0769872889394802,417.375,47.2380867743949,1.04166666666667,-0.364285714285754,1.44509879459781,0.00535714285714286,0.0212384513858337,0.0375128317935181,0.00496407097814927,-4.16666666666666,-4.16666666666666,-4.16666666666666
216,"Yes","Yes",649.163043478261,4.90841779131438,45.4109994086339,47.9057971014493,3.81944444444444,2.08333333333334,6.25,0.694444444444442,45.8333333333333,1.92307692307692,0.851438594085653,0.858785524747145,-3.6093592752246e-15,-0.910609857978279,0.00607226808852191,0.0579615659481036,522.125,102.696922518335,19.7916666666667,19.15,16.7691086571217,0.0625,0.00231047261746805,-0.0254838266916777,0.0301047719266138,8.33333333333334,8.33333333333334,8.33333333333334
217,"Yes","Yes",620.036496350365,-5.08675945182108,44.931899641577,22.2254572601718,3.125,-3.47222222222223,-3.125,2.08333333333333,80.2083333333333,1.68067226890756,0.944436576592564,0.811442179091126,-4.82142857142858,-0.289115646258504,-0.0111779922790903,0.03837984260453,521.71875,79.8815838238735,10.4166666666667,-6.61607142857143,5.90061542139122,-9.95227741330313e-18,0.143010126876964,0.132813409381911,0.153206844372017,8.33333333333334,8.33333333333334,8.33333333333334
218,"Yes","Yes",543.643410852713,-26.6310031856705,14.2441860465117,53.6917713530083,10.4166666666667,-2.77777777777778,0,2.77777777777778,70.8333333333333,8.66141732283465,0.889599113640841,0.446205384641757,-7.6433490534168e-15,-1.27160759040458,0.00431447819642478,0.0479592127257894,492.78125,56.4178402401973,2.08333333333333,-7.44821428571434,6.3251871051121,0.0107142857142857,0.0120094851985007,0.00818480838369144,0.0158341620133099,0,0,0
220,"Yes","Yes",559.149635036496,13.3487206823028,52.3058300395256,49.2773722627737,4.86111111111112,4.16666666666666,4.16666666666667,0,48.9583333333333,2.41935483870968,0.856877941296033,0.827362008627441,-2.32142857142858,-0.0831490490933215,-0.00615834080342672,0.00128588663705807,490.270833333333,66.0612919813533,5.20833333333333,7.4035714285714,-6.58640597071418,-0.00892857142857144,-0.00108292079207915,0.0192669657590758,-0.023282797029703,0,-4.16666666666666,4.16666666666667
221,"Yes","Yes",554.971119133574,73.4380475594494,48.7680164722032,45.3278055903212,3.81944444444444,3.47222222222222,-1.04166666666666,3.47222222222222,63.5416666666667,0,0.908854166666667,1,-2.32142857142857,0,-0.00580357142857145,-7.76994260291725e-17,474.697916666667,78.9212958774909,7.29166666666667,-1.95535714285716,-2.16048148528838,0.0125,-0.0715962945226968,-0.0696543866312191,-0.0733763767565514,-4.16666666666667,0,-8.33333333333334
222,"Yes","No",561.049382716049,15.2334152334153,13.458306911858,59.342614023145,15.2777777777778,15.2777777777778,6.25,11.1111111111111,54.1666666666667,1.78571428571429,0.875091575091575,0.868035190615836,-3.21428571428572,-0.734126984126984,-0.00373429674900271,0.0437288491771623,465.333333333333,321.042862088921,29.1666666666667,16.7321428571428,72.7587435956574,0.0678571428571429,-0.00455394675385334,-0.0485754320411023,0.0394675385333956,20.8333333333333,20.8333333333333,20.8333333333333
223,"Yes","Yes",1001.70037453184,21.1948066546763,33.692496448405,67.7907801418439,6.59722222222222,6.25,2.08333333333334,9.02777777777778,75,5.17241379310345,0.916849529780564,0.585296889726673,-1.07142857142858,1.94188534577551,-0.0108497447328561,-0.123237198514046,649.8125,184.999022045779,56.25,41.6964285714285,32.0273651789115,0.128571428571429,-0.00221729490022172,0.0293299122678532,-0.0337645020682968,-12.5,-12.5,-12.5
224,"Yes","Yes",575.6,37.311257492137,84.9657695322707,47.607982893799,9.72222222222222,9.72222222222222,3.125,11.1111111111111,28.125,1.66666666666667,0.802452134337728,0.850012909376179,-1.96428571428572,-0.739348370927318,-0.000349120908331426,0.0342201910163965,540.59375,136.604429158756,12.5,-3.70535714285721,0.437637731402736,-0.00714285714285717,-0.00910502540937318,0.0144751082251082,-0.0348288075560804,-12.5,-16.6666666666667,-8.33333333333333
225,"Yes","Yes",561.382978723404,10.7293762575454,19.6011210249371,35.7911153594606,2.08333333333334,1.3888888888889,-1.04166666666666,2.77777777777778,64.5833333333333,3.33333333333333,0.895501946607342,0.753043709666689,-2.85714285714286,0.80672268907563,-0.0118792372021273,-0.0482369830737599,439.947916666667,56.1108620297291,1.04166666666667,-4.71250000000006,3.52105951042936,0.00892857142857143,0.129945120496302,0.0834645669291339,0.176425674063469,16.6666666666667,16.6666666666667,16.6666666666667
226,"Yes","Yes",537.164835164835,35.2031451266638,21.9173155357805,17.5515297906603,4.86111111111112,0,-5.20833333333334,1.3888888888889,80.2083333333333,6.34920634920635,0.927376579483874,0.455004076238629,-4.82142857142858,2.03865546218487,-0.0203357467243892,0.0471842529118765,592.020833333333,103.911397395916,37.5,26.2928571428571,6.19151042321479,0.128571428571429,0.101954923383495,0.092108843537415,0.110159989921895,4.16666666666667,12.5,-4.16666666666666
227,"Yes","Yes",525.029850746269,4.64545606508057,50.0011520737327,36.0791218588065,6.59722222222222,4.86111111111112,8.33333333333334,4.86111111111112,58.3333333333333,2.63157894736842,0.881739822529296,0.809264695353333,0.357142857142852,0.644557823129252,-0.00204543250713375,-0.0476158598232586,502.9375,61.9328690047369,5.20833333333333,5.90357142857138,8.7057377609046,0.0267857142857143,0.053268572338562,0.118560394935903,-0.0120232502587785,0,0,0
